pathway_id	name	coded
HP:0012209	Juvenile myelomonocytic leukemia	cancer related
KEGG:05162	Measles	virus related
REAC:R-HSA-5696398	Nucleotide Excision Repair	DNA repair related
WP:WP5101	Congenital generalized lipodystrophy	unrelated
HP:0001053	Hypopigmented skin patches	unrelated
WP:WP4752	Base excision repair	DNA repair related
KEGG:05135	Yersinia infection	Immune system related
WP:WP4155	Endometrial cancer	cancer related
WP:WP4746	Thyroid hormones production and peripheral downstream signaling effects	Hormone related
WP:WP51	Regulation of actin cytoskeleton	unrelated
WP:WP707	DNA damage response	DNA repair related
WP:WP2857	Mesodermal commitment pathway	unrelated
HP:0010785	Gonadal neoplasm	cancer related
REAC:R-HSA-5693537	Resolution of D-Loop Structures	DNA repair related
WP:WP3658	Wnt beta catenin signaling in leukemia	cancer related
KEGG:04620	Toll-like receptor signaling pathway	Immune system related
WP:WP3995	Prion disease pathway	unrelated
HP:0005547	Myeloproliferative disorder	cancer related
KEGG:00310	Lysine degradation	unrelated
REAC:R-HSA-9635486	Infection with Mycobacterium tuberculosis	Immune system related
KEGG:01521	EGFR tyrosine kinase inhibitor resistance	cancer related
KEGG:04930	Type II diabetes mellitus	unrelated
KEGG:04916	Melanogenesis	unrelated
HP:0031501	Pelvic mass	Genital related
WP:WP2942	DDX1 as a regulatory component of the Drosha microprocessor	unrelated
HP:0025132	Abnormal circulating estrogen level	Hormone related
REAC:R-HSA-8939246	RUNX1 regulates transcription of genes involved in differentiation of myeloid cells	unrelated
WP:WP2332	IL11 signaling	Immune system related
WP:WP4630	Measles virus infection	virus related
REAC:R-HSA-2470946	Cohesin Loading onto Chromatin	unrelated
REAC:R-HSA-389356	Co-stimulation by CD28	Immune system related
HP:0001800	Hypoplastic toenails	unrelated
HP:0003221	Chromosomal breakage induced by crosslinking agents	DNA repair related
KEGG:05215	Prostate cancer	cancer related
WP:WP4830	GDNF RET signaling axis	unrelated
WP:WP524	G13 signaling	unrelated
KEGG:05213	Endometrial cancer	cancer related
KEGG:05211	Renal cell carcinoma	cancer related
WP:WP5519	LncRNA like NMRK2 in translocation renal cell carcinoma	cancer related
WP:WP2828	Bladder cancer	cancer related
REAC:R-HSA-8849470	PTK6 Regulates Cell Cycle	Cell growth related
REAC:R-HSA-5685938	HDR through Single Strand Annealing (SSA)	DNA repair related
REAC:R-HSA-5655302	Signaling by FGFR1 in disease	cancer related
WP:WP4016	DNA IR damage and cellular response via ATR	DNA repair related
HP:0100836	Malignant neoplasm of the central nervous system	cancer related
HP:0012316	Fibrous tissue neoplasm	cancer related
WP:WP1530	miRNA regulation of DNA damage response	DNA repair related
WP:WP2805	exRNA mechanism of action and biogenesis	unrelated
REAC:R-HSA-114604	GPVI-mediated activation cascade	unrelated
WP:WP3930	EDA signaling in hair follicle development	Cell growth related
HP:0009821	Forearm undergrowth	Cell growth related
KEGG:05224	Breast cancer	cancer related
WP:WP3931	Embryonic stem cell pluripotency pathways	Cell growth related
KEGG:05221	Acute myeloid leukemia	cancer related
WP:WP5380	5q35 copy number variation	DNA repair related
WP:WP5475	Hallmark of cancer sustaining proliferative signaling	cancer related
HP:0500166	Abnormal circulating gastrin concentration	Hormone related
WP:WP1742	TP53 network	cancer related
WP:WP4542	Leukocyte intrinsic Hippo pathway functions	Immune system related
HP:0030692	Brain neoplasm	cancer related
WP:WP5358	JAK STAT signaling in the regulation of beta cells	Hormone related
REAC:R-HSA-5603029	IkBA variant leads to EDA-ID	Immune system related
WP:WP1971	Integrated cancer pathway	cancer related
REAC:R-HSA-9675135	Diseases of DNA repair	DNA repair related
HP:0045027	Abnormality of the thoracic cavity	unrelated
REAC:R-HSA-8878159	Transcriptional regulation by RUNX3	DNA repair related
KEGG:05220	Chronic myeloid leukemia	cancer related
HP:0001782	Bulbous tips of toes	unrelated
HP:0031284	Flushing	unrelated
REAC:R-HSA-216083	Integrin cell surface interactions	unrelated
KEGG:05230	Central carbon metabolism in cancer	cancer related
WP:WP2253	Pilocytic astrocytoma	cancer related
REAC:R-HSA-9706374	FLT3 signaling through SRC family kinases	cancer related
WP:WP61	Notch signaling	unrelated
KEGG:05212	Pancreatic cancer	cancer related
WP:WP23	B cell receptor signaling	Immune system related
WP:WP5098	T cell activation SARS CoV 2	Immune system related
HP:0025127	Actinic keratosis	cancer related
WP:WP2380	Brain derived neurotrophic factor BDNF signaling	unrelated
KEGG:05223	Non-small cell lung cancer	cancer related
REAC:R-HSA-9607240	FLT3 Signaling	cancer related
WP:WP4136	Fibrin complement receptor 3 signaling	Immune system related
WP:WP2037	Prolactin signaling	Hormone related
KEGG:04917	Prolactin signaling pathway	Hormone related
REAC:R-HSA-5655291	Signaling by FGFR4 in disease	cancer related
REAC:R-HSA-9673770	Signaling by PDGFRA extracellular domain mutants	cancer related
KEGG:04350	TGF-beta signaling pathway	unrelated
WP:WP2338	miRNA biogenesis	unrelated
HP:0002894	Neoplasm of the pancreas	cancer related
REAC:R-HSA-9704331	Defective HDR through Homologous Recombination Repair (HRR) due to PALB2 loss of BRCA1 binding function	DNA repair related
REAC:R-HSA-9830369	Kidney development	Cell growth related
HP:0030517	Heteronymous hemianopia	unrelated
WP:WP4879	Overlap between signal transduction pathways contributing to LMNA laminopathies	unrelated
WP:WP5118	SMC1 SMC3 role in DNA damage Cornelia de Lange Syndrome	DNA repair related
WP:WP2456	HIF1A and PPARG in hypertrophic cardiomyopathy	unrelated
WP:WP244	Alpha 6 beta 4 signaling	unrelated
KEGG:04961	Endocrine and other factor-regulated calcium reabsorption	Hormone related
HP:0030928	1-minute APGAR score of 1	unrelated
WP:WP2815	Mammary gland development involution stage 4 of 4	Cell growth related
WP:WP615	Senescence and autophagy in cancer	cancer related
HP:0003042	Elbow dislocation	unrelated
HP:0100568	Neoplasm of the endocrine system	cancer related
WP:WP304	Kit receptor signaling	unrelated
HP:0006495	Aplasia/Hypoplasia of the ulna	Cell growth related
HP:0031287	Seborrheic keratosis	unrelated
REAC:R-HSA-210990	PECAM1 interactions	unrelated
HP:0030067	Peripheral primitive neuroectodermal neoplasm	cancer related
REAC:R-HSA-6783310	Fanconi Anemia Pathway	DNA repair related
WP:WP5609	Inhibitors of metabolism in melanoma therapy	cancer related
WP:WP4204	Tumor suppressor activity of SMARCB1	cancer related
WP:WP4562	Canonical NF kB pathway	Immune system related
HP:0001548	Overgrowth	Cell growth related
HP:0025318	Ovarian carcinoma	cancer related
REAC:R-HSA-2219528	PI3K/AKT Signaling in Cancer	cancer related
WP:WP4873	Peroxiredoxin 2 induced ovarian failure	Genital related
HP:0011133	Increased sensitivity to ionizing radiation	DNA repair related
KEGG:04115	p53 signaling pathway	cancer related
WP:WP2203	Thymic stromal lymphopoietin TSLP signaling	Immune system related
HP:0011977	Elevated urinary homovanillic acid	unrelated
HP:0002763	Abnormal cartilage morphology	unrelated
WP:WP2374	Oncostatin M signaling	cancer related
HP:0002246	Abnormal duodenum morphology	unrelated
WP:WP4582	Cancer immunotherapy by CTLA4 blockade	cancer related
WP:WP5490	Inhibition of GNAQ regulated signaling in uveal melanoma	cancer related
KEGG:03320	PPAR signaling pathway	unrelated
HP:0000045	Abnormal scrotum morphology	Genital related
WP:WP5477	Molecular pathway for oxidative stress	unrelated
WP:WP4747	Netrin UNC5B signaling	unrelated
REAC:R-HSA-2404192	Signaling by Type 1 Insulin-like Growth Factor 1 Receptor (IGF1R)	Cell growth related
HP:0004796	Gastrointestinal obstruction	unrelated
HP:0010622	Neoplasm of the skeletal system	cancer related
REAC:R-HSA-6785807	Interleukin-4 and Interleukin-13 signaling	Immune system related
REAC:R-HSA-5693579	Homologous DNA Pairing and Strand Exchange	DNA repair related
WP:WP710	DNA damage response only ATM dependent 	DNA repair related
HP:0002888	Ependymoma	cancer related
HP:0030448	Soft tissue sarcoma	cancer related
HP:0030060	Nervous tissue neoplasm	cancer related
WP:WP288	Nod like receptor NLR signaling	Immune system related
KEGG:05226	Gastric cancer	cancer related
WP:WP4806	EGFR tyrosine kinase inhibitor resistance	cancer related
REAC:R-HSA-5693554	Resolution of D-loop Structures through Synthesis-Dependent Strand Annealing (SDSA)	DNA repair related
HP:0100587	Abnormal preputium morphology	Genital related
HP:0200005	Abnormal shape of the palpebral fissure	unrelated
HP:0032158	Unusual infection by anatomical site	Immune system related
HP:0100620	Germinoma	cancer related
KEGG:04926	Relaxin signaling pathway	Hormone related
REAC:R-HSA-5654716	Downstream signaling of activated FGFR4	unrelated
WP:WP3937	Microglia pathogen phagocytosis pathway	Immune system related
HP:0006753	Neoplasm of the stomach	cancer related
HP:0100008	Schwannoma	cancer related
REAC:R-HSA-9006115	Signaling by NTRK2 (TRKB)	unrelated
HP:0100633	Esophagitis	unrelated
HP:0006503	Aplasia/hypoplasia involving forearm bones	unrelated
WP:WP1539	Angiogenesis	unrelated
HP:0100031	Neoplasm of the thyroid gland	cancer related
REAC:R-HSA-9834899	Specification of the neural plate border	unrelated
HP:0002025	Anal stenosis	unrelated
REAC:R-HSA-1169091	Activation of NF-kappaB in B cells	Immune system related
KEGG:04925	Aldosterone synthesis and secretion	Hormone related
REAC:R-HSA-5083636	Defective GALNT12 causes CRCS1	cancer related
HP:0010291	Prominent palatine ridges	unrelated
WP:WP2261	Glioblastoma signaling	cancer related
REAC:R-HSA-210993	Tie2 Signaling	unrelated
HP:0006725	Pancreatic adenocarcinoma	cancer related
HP:0100743	Neoplasm of the rectum	cancer related
KEGG:05217	Basal cell carcinoma	cancer related
REAC:R-HSA-9027283	Erythropoietin activates STAT5	unrelated
WP:WP2369	Histone modifications	unrelated
WP:WP2038	Microtubule cytoskeleton regulation	unrelated
REAC:R-HSA-6811558	PI5P, PP2A and IER3 Regulate PI3K/AKT Signaling	unrelated
REAC:R-HSA-69656	Cyclin A:Cdk2-associated events at S phase entry	Cell growth related
KEGG:04668	TNF signaling pathway	Immune system related
HP:0007900	Hypoplastic lacrimal duct	unrelated
REAC:R-HSA-6803207	TP53 Regulates Transcription of Caspase Activators and Caspases	cancer related
WP:WP3941	Oxidative damage response	DNA repair related
REAC:R-HSA-9823730	Formation of definitive endoderm	Cell growth related
REAC:R-HSA-9732724	IFNG signaling activates MAPKs	Immune system related
REAC:R-HSA-9856649	Transcriptional and post-translational regulation of MITF-M expression and activity	unrelated
WP:WP138	Androgen receptor signaling	Hormone related
HP:0004278	Synostosis involving bones of the hand	unrelated
HP:0030406	Primary peritoneal carcinoma	cancer related
REAC:R-HSA-9603381	Activated NTRK3 signals through PI3K	unrelated
HP:0410386	Decreased CD4+ memory T cell proportion	Immune system related
REAC:R-HSA-199418	Negative regulation of the PI3K/AKT network	unrelated
HP:0031979	Abnormal urine carbohydrate level	unrelated
HP:0002488	Acute leukemia	cancer related
KEGG:04659	Th17 cell differentiation	Immune system related
KEGG:04072	Phospholipase D signaling pathway	unrelated
KEGG:04670	Leukocyte transendothelial migration	Immune system related
HP:0001067	Neurofibroma	cancer related
HP:0002864	Paraganglioma of head and neck	cancer related
KEGG:04931	Insulin resistance	unrelated
WP:WP49	IL2 signaling	Immune system related
HP:0002298	Absent hair	unrelated
REAC:R-HSA-6802948	Signaling by high-kinase activity BRAF mutants	cancer related
KEGG:05218	Melanoma	cancer related
REAC:R-HSA-8877330	RUNX1 and FOXP3 control the development of regulatory T lymphocytes (Tregs)	Immune system related
KEGG:04933	AGE-RAGE signaling pathway in diabetic complications	unrelated
REAC:R-HSA-187024	NGF-independant TRKA activation	unrelated
WP:WP2263	Androgen receptor network in prostate cancer	cancer related
REAC:R-HSA-8875878	MET promotes cell motility	unrelated
REAC:R-HSA-3304351	Signaling by TGF-beta Receptor Complex in Cancer	cancer related
HP:0031807	Increased total basophil count	Immune system related
WP:WP364	IL6 signaling	Immune system related
HP:0006608	Midclavicular hypoplasia	unrelated
WP:WP3971	OSX and miRNAs in tooth development	Cell growth related
KEGG:04662	B cell receptor signaling pathway	Immune system related
HP:0000995	Melanocytic nevus	cancer related
WP:WP4946	DNA repair pathways full network	DNA repair related
KEGG:03440	Homologous recombination	DNA repair related
WP:WP2795	Cardiac hypertrophic response	unrelated
WP:WP5373	Osteoarthritic chondrocyte hypertrophy	unrelated
HP:0100733	Neoplasm of the parathyroid gland	cancer related
KEGG:05235	PD-L1 expression and PD-1 checkpoint pathway in cancer	cancer related
WP:WP3959	DNA IR double strand breaks and cellular response via ATM	DNA repair related
WP:WP4758	Nephrotic syndrome	unrelated
HP:0001788	Premature rupture of membranes	unrelated
HP:0012539	Non-Hodgkin lymphoma	cancer related
HP:0010786	Urinary tract neoplasm	cancer related
WP:WP3651	Pathways affected in adenoid cystic carcinoma	cancer related
REAC:R-HSA-194138	Signaling by VEGF	unrelated
REAC:R-HSA-9730414	MITF-M-regulated melanocyte development	Cell growth related
REAC:R-HSA-9645135	STAT5 Activation	unrelated
WP:WP2571	Polycystic kidney disease pathway	unrelated
WP:WP422	MAPK cascade	unrelated
WP:WP2849	Hematopoietic stem cell differentiation	Cell growth related
REAC:R-HSA-9818028	NFE2L2 regulates pentose phosphate pathway genes	unrelated
REAC:R-HSA-182971	EGFR downregulation	unrelated
WP:WP5215	Targeted agents in triple negative breast cancer	cancer related
WP:WP2324	AGE RAGE pathway	unrelated
REAC:R-HSA-9617828	FOXO-mediated transcription of cell cycle genes	Cell growth related
WP:WP5265	Neurogenesis regulation in the olfactory epithelium	Cell growth related
REAC:R-HSA-1989781	PPARA activates gene expression	unrelated
REAC:R-HSA-5693616	Presynaptic phase of homologous DNA pairing and strand exchange	DNA repair related
WP:WP3630	NAD metabolism sirtuins and aging	unrelated
REAC:R-HSA-8941326	RUNX2 regulates bone development	Cell growth related
HP:0012114	Endometrial carcinoma	cancer related
REAC:R-HSA-428890	Role of ABL in ROBO-SLIT signaling	unrelated
REAC:R-HSA-9635465	Suppression of apoptosis	Cell death related
KEGG:04520	Adherens junction	unrelated
HP:0000967	Petechiae	unrelated
HP:0100760	Clubbing of toes	unrelated
HP:0011978	Elevated urinary vanillylmandelic acid	unrelated
REAC:R-HSA-9026519	Activated NTRK2 signals through RAS	unrelated
WP:WP732	Serotonin receptor 2 and ELK SRF GATA4 signaling	unrelated
HP:0002846	Abnormal B cell morphology	Immune system related
KEGG:04915	Estrogen signaling pathway	Hormone related
HP:0004188	Abnormal 4th finger morphology	unrelated
KEGG:03460	Fanconi anemia pathway	DNA repair related
HP:0100012	Neoplasm of the eye	cancer related
KEGG:04929	GnRH secretion	Hormone related
HP:0100867	Duodenal stenosis	unrelated
HP:0000866	Euthyroid multinodular goiter	Hormone related
HP:0003006	Neuroblastoma	cancer related
REAC:R-HSA-9687139	Aberrant regulation of mitotic cell cycle due to RB1 defects	cancer related
HP:0012848	Small intestinal stenosis	unrelated
KEGG:05031	Amphetamine addiction	unrelated
HP:0031938	Abnormal conus terminalis morphology	unrelated
WP:WP4674	Head and neck squamous cell carcinoma	cancer related
HP:0000034	Hydrocele testis	Genital related
REAC:R-HSA-9833576	CDH11 homotypic and heterotypic interactions	unrelated
HP:0012099	Abnormality of circulating catecholamine level	Hormone related
WP:WP5236	Markers of kidney cell lineage	unrelated
HP:0200008	Intestinal polyposis	cancer related
KEGG:05210	Colorectal cancer	cancer related
HP:0030061	Neuroectodermal neoplasm	cancer related
KEGG:04722	Neurotrophin signaling pathway	unrelated
REAC:R-HSA-8948216	Collagen chain trimerization	unrelated
WP:WP363	Wnt signaling NetPath	unrelated
WP:WP4864	Host pathogen interaction of human coronaviruses apoptosis	Cell death related
WP:WP3676	BDNF TrkB signaling	unrelated
HP:0010469	Absent testis	Genital related
KEGG:05134	Legionellosis	Immune system related
REAC:R-HSA-9706574	RHOBTB GTPase Cycle	unrelated
HP:0030257	Freckled genitalia	Genital related
HP:0003022	Hypoplasia of the ulna	Cell growth related
HP:0010997	Chromosomal breakage induced by ionizing radiation	DNA repair related
HP:0006501	Aplasia/Hypoplasia of the radius	Cell growth related
KEGG:04210	Apoptosis	Cell death related
WP:WP5465	Fanconi anemia	DNA repair related
REAC:R-HSA-9034864	Activated NTRK3 signals through RAS	unrelated
HP:0006988	Alobar holoprosencephaly	unrelated
WP:WP3863	T cell antigen receptor TCR pathway during Staphylococcus aureus infection	Immune system related
HP:0031813	Colonic eosinophilia	unrelated
HP:0410151	Eosinophilic infiltration of the esophagus	unrelated
WP:WP4540	Hippo signaling regulation	Cell growth related
WP:WP4241	Type 2 papillary renal cell carcinoma	cancer related
WP:WP69	T cell receptor signaling	Immune system related
HP:0008107	Plantar crease between first and second toes	unrelated
HP:0030591	Abnormal kinetic perimetry test	unrelated
WP:WP5300	TROP2 regulatory signaling	unrelated
WP:WP2023	Cell differentiation expanded index	Cell growth related
HP:0003959	Deformed forearm bones	unrelated
HP:0045017	Congenital malformation of the left heart	unrelated
KEGG:05219	Bladder cancer	cancer related
WP:WP2328	Allograft rejection	Immune system related
WP:WP5494	Tyrosine kinase inhibitors in glioblastoma	cancer related
WP:WP127	IL5 signaling	Immune system related
KEGG:04370	VEGF signaling pathway	unrelated
HP:0033681	Oligodendroglioma	cancer related
HP:0012740	Papilloma	cancer related
WP:WP4541	Hippo Merlin signaling dysregulation	cancer related
WP:WP4255	Non small cell lung cancer	cancer related
KEGG:04660	T cell receptor signaling pathway	Immune system related
KEGG:04912	GnRH signaling pathway	Hormone related
WP:WP5541	BDNF signaling in neurodevelopment	unrelated
REAC:R-HSA-9754119	Drug-mediated inhibition of CDK4/CDK6 activity	cancer related
REAC:R-HSA-350054	Notch-HLH transcription pathway	unrelated
KEGG:05231	Choline metabolism in cancer	cancer related
HP:0100026	Arteriovenous malformation	unrelated
WP:WP5362	TAR syndrome	unrelated
REAC:R-HSA-8939245	RUNX1 regulates transcription of genes involved in BCR signaling	Immune system related
HP:0100606	Neoplasm of the respiratory system	cancer related
KEGG:04071	Sphingolipid signaling pathway	unrelated
HP:0005214	Intestinal obstruction	unrelated
WP:WP5050	TCA cycle in senescence	Cell death related
HP:0005227	Adenomatous colonic polyposis	cancer related
REAC:R-HSA-8941332	RUNX2 regulates genes involved in cell migration	unrelated
WP:WP3624	Lung fibrosis	unrelated
WP:WP4298	Acute viral myocarditis	Immune system related
HP:0000022	Abnormal male internal genitalia morphology	Genital related
WP:WP5344	Cardiomyocyte signaling converging on titin	unrelated
HP:0001153	Septate vagina	Genital related
KEGG:04928	Parathyroid hormone synthesis, secretion and action	Hormone related
KEGG:04012	ErbB signaling pathway	unrelated
KEGG:04068	FoxO signaling pathway	unrelated
REAC:R-HSA-9824585	Regulation of MITF-M-dependent genes involved in pigmentation	unrelated
HP:0012657	Abnormal brain positron emission tomography	unrelated
KEGG:05030	Cocaine addiction	unrelated
WP:WP5053	Development of ureteric derived collecting system	Cell growth related
HP:0000072	Hydroureter	unrelated
WP:WP2583	T cell receptor and co stimulatory signaling	Immune system related
WP:WP4842	Mammalian disorder of sexual development	Genital related
WP:WP3611	Photodynamic therapy induced AP 1 survival signaling	unrelated
WP:WP5192	Modulation of PI3K Akt mTOR signaling by bioactive sphingolipids	unrelated
WP:WP4685	Melanoma	cancer related
HP:0030434	Pilomatrixoma	cancer related
KEGG:04330	Notch signaling pathway	unrelated
HP:0002965	Cutaneous anergy	Immune system related
WP:WP3981	miRNA regulation of prostate cancer signaling	cancer related
REAC:R-HSA-5660668	CLEC7A/inflammasome pathway	Immune system related
HP:0009733	Glioma	cancer related
REAC:R-HSA-1912399	Pre-NOTCH Processing in the Endoplasmic Reticulum	unrelated
HP:0006716	Hereditary nonpolyposis colorectal carcinoma	cancer related
KEGG:01524	Platinum drug resistance	cancer related
HP:0012056	Cutaneous melanoma	cancer related
REAC:R-HSA-5210891	Uptake and function of anthrax toxins	Immune system related
KEGG:05216	Thyroid cancer	cancer related
REAC:R-HSA-8849473	PTK6 Expression	unrelated
HP:0000225	Gingival bleeding	unrelated
REAC:R-HSA-9700645	ALK mutants bind TKIs	cancer related
REAC:R-HSA-112411	MAPK1 (ERK2) activation	unrelated
KEGG:04213	Longevity regulating pathway - multiple species	unrelated
WP:WP4479	Suppression of HMGB1 mediated inflammation by THBD	Immune system related
KEGG:04666	Fc gamma R-mediated phagocytosis	Immune system related
REAC:R-HSA-5083630	Defective LFNG causes SCDO3	unrelated
HP:0002245	Meckel diverticulum	unrelated
HP:0005558	Chronic leukemia	cancer related
WP:WP5397	Vitamin A1 and A5 X pathways	unrelated
WP:WP4263	Pancreatic adenocarcinoma pathway	cancer related
HP:0001048	Cavernous hemangioma	cancer related
HP:0000676	Abnormality of the incisor	unrelated
REAC:R-HSA-5654743	Signaling by FGFR4	unrelated
HP:0000965	Cutis marmorata	unrelated
WP:WP4186	Somatroph axis GH and its relationship to dietary restriction and aging	Hormone related
WP:WP673	ErbB signaling	unrelated
WP:WP3873	RIOK1 and RIOK2 in EGFR and PI3K mediated tumorigenesis	cancer related
REAC:R-HSA-75035	Chk1/Chk2(Cds1) mediated inactivation of Cyclin B:Cdk1 complex	unrelated
KEGG:05222	Small cell lung cancer	cancer related
HP:0100649	Neoplasm of the oral cavity	cancer related
REAC:R-HSA-9022537	Loss of MECP2 binding ability to the NCoR/SMRT complex	unrelated
REAC:R-HSA-2179392	EGFR Transactivation by Gastrin	Hormone related
WP:WP2507	Nanomaterial induced apoptosis	Cell death related
HP:0002863	Myelodysplasia	cancer related
WP:WP4928	MAPK pathway in congenital thyroid cancer	cancer related
HP:0025269	Panic attack	unrelated
REAC:R-HSA-5685942	HDR through Homologous Recombination (HRR)	DNA repair related
HP:0005522	Pyridoxine-responsive sideroblastic anemia	unrelated
WP:WP2032	Thyroid stimulating hormone TSH signaling	Hormone related
REAC:R-HSA-4420097	VEGFA-VEGFR2 Pathway	unrelated
WP:WP5144	NRP1 triggered signaling in pancreatic cancer 	cancer related
REAC:R-HSA-9034015	Signaling by NTRK3 (TRKC)	unrelated
HP:0005266	Intestinal polyp	cancer related
WP:WP4829	mBDNF and proBDNF regulation of GABA neurotransmission	unrelated
REAC:R-HSA-9634635	Estrogen-stimulated signaling through PRKCZ	Hormone related
WP:WP4816	TGF beta receptor signaling in skeletal dysplasias	unrelated
KEGG:04936	Alcoholic liver disease	unrelated
HP:0100632	Gastrin signaling	Hormone related
WP:WP4659	Stomach cancer	cancer related
HP:0012126	Melanoma	cancer related
HP:0002861	Homology Directed Repair	DNA repair related
REAC:R-HSA-5693538	lncRNA mediated mechanisms of therapeutic resistance	cancer related
WP:WP3672	Signaling by TGFBR3	unrelated
REAC:R-HSA-9839373	Neoplasm of the posterior pituitary	cancer related
HP:0011752	Cell cycle	Cell growth related
WP:WP179	Abnormality of the cell cycle	Cell growth related
HP:0011018	Recurrent acute respiratory tract infection	Immune system related
HP:0011948	TP53 Regulates Transcription of DNA Repair Genes	DNA repair related
REAC:R-HSA-6796648	IL3 signaling	Immune system related
WP:WP286	Transcriptional regulation of white adipocyte differentiation	Cell growth related
REAC:R-HSA-381340	Myeloid leukemia	cancer related
HP:0012324	Nucleotide excision repair	DNA repair related
WP:WP4753	Defective homologous recombination repair (HRR) due to PALB2 loss of function	DNA repair related
REAC:R-HSA-9701193	Viral life cycle - HIV-1	Immune system related
KEGG:03250	Influence of laminopathies on Wnt signaling	unrelated
WP:WP4844	RUNX3 regulates CDKN1A transcription	unrelated
REAC:R-HSA-8941855	Heme signaling	unrelated
REAC:R-HSA-9707616	Physico chemical features and toxicity associated pathways	unrelated
WP:WP3680	Mitotic Telophase/Cytokinesis	Cell growth related
REAC:R-HSA-68884	Teratoma	cancer related
HP:0009792	Genes controlling nephrogenesis	Cell growth related
WP:WP4823	Sensing of DNA Double Strand Breaks	DNA repair related
REAC:R-HSA-5693548	Signaling by Erythropoietin	unrelated
REAC:R-HSA-9006335	Extrafollicular and follicular B cell activation by SARS CoV 2	Immune system related
WP:WP5218	Short phalanx of the 5th toe	unrelated
HP:0100368	Bloodstream infectious agent	Immune system related
HP:0031863	Tracheomalacia	unrelated
HP:0002779	FCERI mediated Ca+2 mobilization	Immune system related
REAC:R-HSA-2871809	AKT signaling and ARTD family members	unrelated
WP:WP5531	Diseases of Mismatch Repair (MMR)	DNA repair related
REAC:R-HSA-5423599	IL26 signaling	Immune system related
WP:WP5347	Cyclin dependent kinase 4 6 inhibitors in breast cancer	cancer related
WP:WP5497	Abnormal mediastinum morphology	unrelated
HP:0045026	Large hands	unrelated
HP:0001176	RUNX1 regulates expression of components of tight junctions	unrelated
REAC:R-HSA-8935964	Abnormally low-pitched voice	unrelated
HP:0010300	Signaling by LTK in cancer	cancer related
REAC:R-HSA-9842640	Neoplasm of the adrenal gland	cancer related
HP:0100631	Decreased circulating IgA concentration	Immune system related
HP:0002720	Synostosis of carpal bones	unrelated
HP:0005048	SHC-related	
REAC:R-HSA-2428933	 events triggered by IGF1R	Cell growth related
KEGG:04914	Progesterone-mediated oocyte maturation	Hormone related
WP:WP5351	Kleefstra syndrome	unrelated
REAC:R-HSA-194313	VEGF ligand-receptor interactions	unrelated
HP:0010500	Hyperextensibility of the knee	unrelated
WP:WP34	Ovarian infertility	Genital related
HP:0007565	Multiple cafe-au-lait spots	unrelated
REAC:R-HSA-187015	Activation of TRKA receptors	unrelated
REAC:R-HSA-198203	PI3K/AKT activation	unrelated
KEGG:04550	Signaling pathways regulating pluripotency of stem cells	Cell growth related
WP:WP3303	RAC1 PAK1 p38 MMP2 pathway	unrelated
WP:WP1584	Type II diabetes mellitus	unrelated
REAC:R-HSA-512988	Interleukin-3, Interleukin-5 and GM-CSF signaling	Immune system related
HP:0002862	Bladder carcinoma	cancer related
REAC:R-HSA-9700206	Signaling by ALK in cancer	cancer related
KEGG:05418	Fluid shear stress and atherosclerosis	unrelated
WP:WP722	Serotonin HTR1 group and FOS pathway	unrelated
REAC:R-HSA-6806003	Regulation of TP53 Expression and Degradation	cancer related
KEGG:04664	Fc epsilon RI signaling pathway	Immune system related
HP:0100526	Neoplasm of the lung	cancer related
REAC:R-HSA-8849469	PTK6 Regulates RTKs and Their Effectors AKT1 and DOK1	unrelated
KEGG:04640	Hematopoietic cell lineage	unrelated
HP:0003173	Hypoplastic pubic bone	unrelated
HP:0100028	Ectopic thyroid	Hormone related
HP:0006262	Aplasia/Hypoplasia of the 5th finger	Cell growth related
HP:0011134	Low-grade fever	Immune system related
WP:WP5491	Transcriptional regulation of memory B cell differentiation	Immune system related
HP:0200022	Choroid plexus papilloma	cancer related
WP:WP5442	Wnt Beta catenin signaling inhibitors in current and past clinical trials	cancer related
REAC:R-HSA-9670439	Signaling by phosphorylated juxtamembrane, extracellular and kinase domain KIT mutants	cancer related
WP:WP5382	TGFB Smad signaling	unrelated
HP:0100757	Pancreatoblastoma	cancer related
HP:0008240	Secondary growth hormone deficiency	Hormone related
REAC:R-HSA-9675151	Disorders of Developmental Biology	unrelated
REAC:R-HSA-166520	Signaling by NTRKs	unrelated
HP:0031207	Hepatic hemangioma	cancer related
KEGG:04211	Longevity regulating pathway	Cell death related
REAC:R-HSA-1500620	Meiosis	unrelated
KEGG:04625	C-type lectin receptor signaling pathway	Immune system related
WP:WP4216	Chromosomal and microsatellite instability in colorectal cancer 	cancer related
HP:0008103	Delayed tarsal ossification	unrelated
KEGG:05145	Toxoplasmosis	Immune system related
HP:0040277	Neoplasm of the pituitary gland	cancer related
REAC:R-HSA-8985947	Interleukin-9 signaling	Immune system related
HP:0031500	Abdominal mass	unrelated
WP:WP3982	miRNA regulation of p53 pathway in prostate cancer	cancer related
WP:WP411	mRNA processing	unrelated
HP:0000854	Thyroid adenoma	cancer related
HP:0001912	Abnormal basophil morphology	unrelated
HP:0100779	Urogenital sinus anomaly	Genital related
HP:0410243	Abnormal circulating IgM concentration	Immune system related
WP:WP3972	PDGFR beta pathway	unrelated
WP:WP4560	MFAP5 effect on permeability and motility of endothelial cells via cytoskeleton rearrangement	unrelated
WP:WP2035	Follicle stimulating hormone FSH signaling	Hormone related
HP:0100576	Amaurosis fugax	unrelated
HP:0010609	Skin tags	unrelated
WP:WP3678	Amplification and expansion of oncogenic pathways as metastatic traits	cancer related
REAC:R-HSA-8951671	RUNX3 regulates YAP1-mediated transcription	unrelated
REAC:R-HSA-5173105	O-linked glycosylation	unrelated
REAC:R-HSA-9702518	STAT5 activation downstream of FLT3 ITD mutants	cancer related
REAC:R-HSA-3371571	HSF1-dependent transactivation	unrelated
REAC:R-HSA-9679191	Potential therapeutics for SARS	Immune system related
HP:0009725	Bladder neoplasm	cancer related
REAC:R-HSA-9029569	NR1H3 & NR1H2 regulate gene expression linked to cholesterol transport and efflux	unrelated
WP:WP5142	Calcium mediated T cell apoptosis involved in inclusion body myositis	Immune system related
KEGG:05146	Amoebiasis	Immune system related
REAC:R-HSA-9839394	TGFBR3 expression	unrelated
HP:0005344	Abnormal carotid artery morphology	unrelated
REAC:R-HSA-5654736	Signaling by FGFR1	unrelated
HP:0010614	Fibroma	cancer related
WP:WP4191	Caloric restriction and aging	Cell death related
WP:WP2446	Retinoblastoma gene in cancer	cancer related
HP:0009726	Renal neoplasm	cancer related
HP:0032046	Focal cortical dysplasia	unrelated
REAC:R-HSA-9726842	Gain-of-function MRAS complexes activate RAF signaling	cancer related
HP:0000021	Megacystis	unrelated
HP:0000075	Renal duplication	unrelated
HP:0000267	Cranial asymmetry	unrelated
HP:0000283	Broad face	unrelated
HP:0000331	Short chin	unrelated
HP:0000527	Long eyelashes	unrelated
HP:0000775	Abnormality of the diaphragm	unrelated
HP:0000813	Bicornuate uterus	Genital related
HP:0000872	Hashimoto thyroiditis	Hormone related
HP:0000894	Short clavicles	unrelated
HP:0000917	Superior pectus carinatum	unrelated
HP:0000957	Cafe-au-lait spot	unrelated
HP:0000971	Abnormal sweat gland morphology	unrelated
HP:0000992	Cutaneous photosensitivity	unrelated
HP:0001017	Anemic pallor	unrelated
HP:0001338	Partial agenesis of the corpus callosum	unrelated
HP:0001342	Cerebral hemorrhage	unrelated
HP:0001480	Freckling	unrelated
HP:0001541	Ascites	Cancer related
HP:0001549	Abnormal ileum morphology	unrelated
HP:0001924	Sideroblastic anemia	unrelated
HP:0002018	Nausea	unrelated
HP:0002023	Anal atresia	unrelated
HP:0002028	Chronic diarrhea	unrelated
HP:0002034	Abnormal rectum morphology	unrelated
HP:0002196	Myelopathy	unrelated
HP:0002226	White eyebrow	unrelated
HP:0002512	Brain stem compression	unrelated
HP:0002516	Increased intracranial pressure	unrelated
HP:0002557	Hypoplastic nipples	unrelated
HP:0002574	Episodic abdominal pain	unrelated
HP:0002576	Intussusception	unrelated
HP:0002579	Gastrointestinal dysmotility	unrelated
HP:0002580	Volvulus	unrelated
HP:0002665	Lymphoma	Cancer related
HP:0002668	Paraganglioma	Cancer related
HP:0002671	Basal cell carcinoma	Cancer related
HP:0002681	Deformed sella turcica	unrelated
HP:0002859	Rhabdomyosarcoma	Cancer related
HP:0002885	Medulloblastoma	Cancer related
HP:0002891	Uterine leiomyosarcoma	Genital related
HP:0002893	Pituitary adenoma	Cancer related
HP:0002897	Parathyroid adenoma	Cancer related
HP:0003002	Breast carcinoma	Cancer related
HP:0003005	Ganglioneuroma	Cancer related
HP:0003072	Hypercalcemia	Hormone related
HP:0003083	Dislocated radial head	unrelated
HP:0003214	Prolonged G2 phase of cell cycle	Cell growth related
HP:0003254	Abnormality of DNA repair	DNA repair related
HP:0003334	Elevated circulating catecholamine level	Hormone related
HP:0003528	Elevated circulating calcitonin concentration	Hormone related
HP:0003745	Sporadic	unrelated
HP:0004493	Craniofacial hyperostosis	unrelated
HP:0004742	Abnormal renal collecting system morphology	unrelated
HP:0004808	Acute myeloid leukemia	Cancer related
HP:0004812	B Acute Lymphoblastic Leukemia	Cancer related
HP:0004871	Perineal fistula	Genital related
HP:0004947	Arteriovenous fistula	unrelated
HP:0005267	Premature delivery because of cervical insufficiency or membrane fragility	Genital related
HP:0005306	Capillary hemangioma	Cancer related
HP:0005453	Absent/hypoplastic paranasal sinuses	unrelated
HP:0005584	Renal cell carcinoma	Cancer related
HP:0006000	Ureteral obstruction	unrelated
HP:0006502	Aplasia/Hypoplasia involving the carpal bones	unrelated
HP:0006946	Recurrent meningitis	Immune system related
HP:0007099	Chiari type I malformation	unrelated
HP:0007620	Cutaneous leiomyoma	Cancer related
HP:0007656	Lacrimal gland aplasia	unrelated
HP:0007715	Weak extraocular muscles	unrelated
HP:0007874	Almond-shaped palpebral fissure	unrelated
HP:0007946	Unilateral narrow palpebral fissure	unrelated
HP:0008094	Widely spaced toes	unrelated
HP:0008244	Congenital adrenal hypoplasia	Hormone related
HP:0009380	Finger aplasia	unrelated
HP:0009536	Short 2nd finger	unrelated
HP:0009755	Ankyloblepharon	unrelated
HP:0009824	Upper limb undergrowth	Cell growth related
HP:0009891	Underdeveloped supraorbital ridges	unrelated
HP:0009928	Thick nasal alae	unrelated
HP:0009998	Complete duplication of phalanx of hand	unrelated
HP:0010293	Aplasia/Hypoplasia of the uvula	unrelated
HP:0010529	Echolalia	unrelated
HP:0010539	Thin calvarium	unrelated
HP:0010649	Flat nasal alae	unrelated
HP:0010784	Uterine neoplasm	Genital related
HP:0010955	Dilatation of the bladder	unrelated
HP:0010976	Decreased total B cell count	Immune system related
HP:0011215	Hemihypsarrhythmia	unrelated
HP:0011898	Abnormality of circulating fibrinogen	unrelated
HP:0012125	Prostate cancer	Genital related
HP:0012135	Abnormal granulocytopoietic cell morphology	Immune system related
HP:0012142	Pancreatic squamous cell carcinoma	Cancer related
HP:0012155	Decreased corneal sensation	unrelated
HP:0012180	Cystic medial necrosis	unrelated
HP:0012254	Ewing sarcoma	Cancer related
HP:0012288	Neoplasm of head and neck	Cancer related
HP:0012304	Hypoplastic aortic arch	unrelated
HP:0012377	Hemianopia	unrelated
HP:0012640	Abnormality of intracranial pressure	unrelated
HP:0012745	Short palpebral fissure	unrelated
HP:0020072	Persistent EBV viremia	Virus related
HP:0025806	Abnormal total B cell count	Immune system related
HP:0030001	Lagophthalmos	unrelated
HP:0030009	Cervical insufficiency	Genital related
HP:0030063	Neuroepithelial neoplasm	Cancer related
HP:0030065	Primitive neuroectodermal tumor	Cancer related
HP:0030255	Large intestinal polyposis	Cancer related
HP:0030339	Decreased circulating gonadotropin concentration	Genital related
HP:0030358	Non-small cell lung carcinoma	Cancer related
HP:0030766	Ear pain	unrelated
HP:0030783	Increased circulating interleukin 6 concentration	Immune system related
HP:0030836	Wrist pain	unrelated
HP:0031035	Chronic infection	Immune system related
HP:0031251	Abnormal subclavian artery morphology	unrelated
HP:0031364	Ecchymosis	unrelated
HP:0032248	Persistent viremia	Virus related
HP:0033019	Male reproductive system neoplasm	Genital related
HP:0033020	Female reproductive system neoplasm	Genital related
HP:0033769	Fundic gland polyposis	Cancer related
HP:0034769	Pulmonary Langerhans cell histiocytosis	Cancer related
HP:0040012	Chromosome breakage	DNA repair related
HP:0040223	Pulmonary hemorrhage	unrelated
HP:0040265	Upper limb muscle hypertrophy	Cell growth related
HP:0100007	Neoplasm of the peripheral nervous system	Cancer related
HP:0100013	Neoplasm of the breast	Cancer related
HP:0100243	Leiomyosarcoma	Cancer related
HP:0100266	Synostosis of carpals/tarsals	unrelated
HP:0100570	Carcinoid tumor	Cancer related
HP:0100571	Cardiac diverticulum	unrelated
HP:0100605	Neoplasm of the larynx	Cancer related
HP:0100615	Ovarian neoplasm	Genital related
HP:0100642	Neoplasm of the adrenal medulla	Cancer related
HP:0100684	Salivary gland neoplasm	Cancer related
HP:0100728	Germ cell neoplasia	Genital related
HP:0100744	Abnormality of the humeroradial joint	unrelated
HP:0100749	Chest pain	unrelated
HP:0100787	Prostate neoplasm	Genital related
HP:0100835	Benign neoplasm of the central nervous system	Cancer related
HP:0100845	Anaphylactic shock	Immune system related
HP:0200036	Skin nodule	unrelated
HP:0410293	Absent isohemagglutinin level	Immune system related
KEGG:03273	Virion - Lassa virus and SFTS virus	Virus related
KEGG:04066	HIF-1 signaling pathway	Hormone related
KEGG:04216	Ferroptosis	Cell death related
KEGG:04371	Apelin signaling pathway	Hormone related
KEGG:04380	Osteoclast differentiation	Cell growth related
KEGG:04540	Gap junction	unrelated
KEGG:04611	Platelet activation	unrelated
KEGG:04650	Natural killer cell mediated cytotoxicity	Immune system related
KEGG:04658	Th1 and Th2 cell differentiation	Immune system related
KEGG:04728	Dopaminergic synapse	unrelated
KEGG:04730	Long-term depression	unrelated
KEGG:04910	Insulin signaling pathway	Hormone related
KEGG:04919	Thyroid hormone signaling pathway	Hormone related
KEGG:04935	Growth hormone synthesis, secretion and action	Hormone related
KEGG:04960	Aldosterone-regulated sodium reabsorption	Hormone related
KEGG:05142	Chagas disease	unrelated
KEGG:05214	Glioma	Cancer related
REAC:R-HSA-1059683	Interleukin-6 signaling	Immune system related
REAC:R-HSA-111447	Activation of BAD and translocation to mitochondria	Cell death related
REAC:R-HSA-112399	IRS-mediated signalling	Hormone related
REAC:R-HSA-1169410	Antimicrobial mechanism of IFN-stimulated genes	Immune system related
REAC:R-HSA-1226099	Signaling by FGFR in disease	Cancer related
REAC:R-HSA-1236394	Signaling by ERBB4	Cancer related
REAC:R-HSA-1266695	Interleukin-7 signaling	Immune system related
REAC:R-HSA-163685	Integration of energy metabolism	Hormone related
REAC:R-HSA-165054	Rev-mediated nuclear export of HIV RNA	Virus related
REAC:R-HSA-170984	ARMS-mediated activation	unrelated
REAC:R-HSA-186763	Downstream signal transduction	unrelated
REAC:R-HSA-187037	Signaling by NTRK1 (TRKA)	unrelated
REAC:R-HSA-195253	Degradation of beta-catenin by the destruction complex	Cancer related
REAC:R-HSA-196025	Formation of annular gap junctions	unrelated
REAC:R-HSA-198323	AKT phosphorylates targets in the cytosol	Cell growth related
REAC:R-HSA-201556	Signaling by ALK	Cancer related
REAC:R-HSA-202433	Generation of second messenger molecules	unrelated
REAC:R-HSA-2151201	Transcriptional activation of mitochondrial biogenesis	Cell growth related
REAC:R-HSA-2172127	DAP12 interactions	Immune system related
REAC:R-HSA-2173793	Transcriptional activity of SMAD2/SMAD3:SMAD4 heterotrimer	Cell growth related
REAC:R-HSA-2173795	Downregulation of SMAD2/3:SMAD4 transcriptional activity	Cell growth related
REAC:R-HSA-2428924	IGF1R signaling cascade	Hormone related
REAC:R-HSA-3134963	DEx/H-box helicases activate type I IFN and inflammatory cytokines production	Immune system related
REAC:R-HSA-3656532	TGFBR1 KD Mutants in Cancer	Cancer related
REAC:R-HSA-3656534	Loss of Function of TGFBR1 in Cancer	Cancer related
REAC:R-HSA-3769402	Deactivation of the beta-catenin transactivating complex	Cancer related
REAC:R-HSA-3899300	SUMOylation of transcription cofactors	unrelated
REAC:R-HSA-4411364	Binding of TCF/LEF:CTNNB1 to target gene promoters	Cancer related
REAC:R-HSA-448706	Interleukin-1 processing	Immune system related
REAC:R-HSA-450520	HuR (ELAVL1) binds and stabilizes mRNA	unrelated
REAC:R-HSA-451927	Interleukin-2 family signaling	Immune system related
REAC:R-HSA-4641263	Regulation of FZD by ubiquitination	Cancer related
REAC:R-HSA-5218920	VEGFR2 mediated vascular permeability	Hormone related
REAC:R-HSA-5357786	TNFR1-induced proapoptotic signaling	Cell death related
REAC:R-HSA-5621481	C-type lectin receptors (CLRs)	Immune system related
REAC:R-HSA-5625970	RHO GTPases activate KTN1	unrelated
REAC:R-HSA-5674499	Negative feedback regulation of MAPK pathway	Cancer related
REAC:R-HSA-5693567	HDR through Homologous Recombination (HRR) or Single Strand Annealing (SSA)	DNA repair related
REAC:R-HSA-6791312	TP53 Regulates Transcription of Cell Cycle Genes	Cancer related
REAC:R-HSA-6802957	Oncogenic MAPK signaling	Cancer related
REAC:R-HSA-6806834	Signaling by MET	Cancer related
REAC:R-HSA-74751	Insulin receptor signalling cascade	Hormone related
REAC:R-HSA-8848021	Signaling by PTK6	Cancer related
REAC:R-HSA-8849471	PTK6 Regulates RHO GTPases, RAS GTPase and MAP kinases	Cancer related
REAC:R-HSA-8849474	PTK6 Activates STAT3	Cancer related
REAC:R-HSA-8851805	MET activates RAS signaling	Cancer related
REAC:R-HSA-8851907	MET activates PI3K/AKT signaling	Cancer related
REAC:R-HSA-8854691	Interleukin-20 family signaling	Immune system related
REAC:R-HSA-8865999	MET activates PTPN11	Cancer related
REAC:R-HSA-8866911	TFAP2 (AP-2) family regulates transcription of cell cycle factors	Cell growth related
REAC:R-HSA-8875513	MET interacts with TNS proteins	Cancer related
REAC:R-HSA-8876493	InlA-mediated entry of Listeria monocytogenes into host cells	unrelated
REAC:R-HSA-8939242	RUNX1 regulates transcription of genes involved in differentiation of keratinocytes	Cell growth related
REAC:R-HSA-8939256	RUNX1 regulates transcription of genes involved in WNT signaling	Cancer related
REAC:R-HSA-8940973	RUNX2 regulates osteoblast differentiation	Cell growth related
REAC:R-HSA-8951936	RUNX3 regulates p14-ARF	Cancer related
REAC:R-HSA-9009391	Extra-nuclear estrogen signaling	Genital related
REAC:R-HSA-9018519	Estrogen-dependent gene expression	Genital related
REAC:R-HSA-912631	Regulation of signaling by CBL	unrelated
REAC:R-HSA-9614085	FOXO-mediated transcription	Cell growth related
REAC:R-HSA-9616222	Transcriptional regulation of granulopoiesis	Immune system related
REAC:R-HSA-9617629	Regulation of FOXO transcriptional activity by acetylation	Cell growth related
REAC:R-HSA-9664407	Parasite infection	unrelated
REAC:R-HSA-9696270	RND2 GTPase cycle	unrelated
REAC:R-HSA-9703465	Signaling by FLT3 fusion proteins	Cancer related
REAC:R-HSA-9704646	Defective HDR through Homologous Recombination Repair (HRR) due to PALB2 loss of BRCA2/RAD51/RAD51C binding function	DNA repair related
REAC:R-HSA-9707564	Cytoprotection by HMOX1	Cell death related
REAC:R-HSA-9725370	Signaling by ALK fusions and activated point mutants	Cancer related
REAC:R-HSA-9758941	Gastrulation	Cell growth related
REAC:R-HSA-9764302	Regulation of CDH19 Expression and Function	unrelated
REAC:R-HSA-977068	Termination of O-glycan biosynthesis	unrelated
REAC:R-HSA-9816359	Maternal to zygotic transition (MZT)	Cell growth related
REAC:R-HSA-9818030	NFE2L2 regulating tumorigenic genes	Cancer related
REAC:R-HSA-9818749	Regulation of NFE2L2 gene expression	Cancer related
REAC:R-HSA-9824439	Bacterial Infection Pathways	Immune system related
REAC:R-HSA-9842860	Regulation of endogenous retroelements	unrelated
REAC:R-HSA-9856651	MITF-M-dependent gene expression	Cancer related
WP:WP1559	Transcription factors regulate miRNAs related to cardiac hypertrophy	Cell growth related
WP:WP195	IL1 signaling	Immune system related
WP:WP2064	Neural crest differentiation	Cell growth related
WP:WP2118	Arrhythmogenic right ventricular cardiomyopathy	Cell death related
WP:WP236	Adipogenesis	Cell growth related
WP:WP2447	Amyotrophic lateral sclerosis ALS	Cell death related
WP:WP2526	PDGF pathway	Hormone related
WP:WP2586	Aryl hydrocarbon receptor response to main mediators PAH and TCDD	Cancer related
WP:WP2636	Common pathways underlying drug addiction	unrelated
WP:WP2839	Hair follicle development organogenesis stage 2 of 3	Cell growth related
WP:WP2840	Hair follicle development cytodifferentiation stage 3 of 3	Cell growth related
WP:WP313	Hepatocyte growth factor receptor signaling	Hormone related
WP:WP314	Fas ligand pathway and stress induction of heat shock proteins	Cell death related
WP:WP3527	Pre implantation embryo	Cell growth related
WP:WP3585	Cytosine methylation	DNA repair related
WP:WP3617	Photodynamic therapy induced NF kB survival signaling	Cell growth related
WP:WP3646	Hepatitis C and hepatocellular carcinoma	Virus related
WP:WP3844	PI3K AKT mTOR signaling and therapeutic opportunities in prostate cancer	Genital related
WP:WP3845	Canonical and non canonical Notch signaling	Cell growth related
WP:WP3878	ATM signaling in development and disease	DNA repair related
WP:WP395	IL4 signaling	Immune system related
WP:WP3953	mRNA protein and metabolite induced stress pathway by cyclosporin A	Cell death related
WP:WP4149	White fat cell differentiation	Cell growth related
WP:WP4211	Transcriptional cascade regulating adipogenesis	Cell growth related
WP:WP4217	Ebola virus infection in host	Virus related
WP:WP4240	Regulation of sister chromatid separation at the metaphase anaphase transition	Cell growth related
WP:WP4249	Hedgehog signaling	Cell growth related
WP:WP4258	lncRNA in canonical Wnt signaling and colorectal cancer	Cancer related
WP:WP4269	Ethanol metabolism production of ROS by CYP2E1	Cell death related
WP:WP4301	Inhibition of exosome biogenesis and secretion by manumycin A in CRPC cells	Genital related
WP:WP4312	Rett syndrome	unrelated
WP:WP4321	Thermogenesis	Hormone related
WP:WP4331	Neovascularization processes	Cell growth related
WP:WP4534	Mechanoregulation and pathology of YAP TAZ via Hippo and non Hippo mechanisms	Cancer related
WP:WP4539	Synaptic signaling associated with autism spectrum disorder	unrelated
WP:WP4549	Fragile X syndrome	unrelated
WP:WP4565	Neural crest cell migration in cancer	Cancer related
WP:WP4566	Translation inhibitors in chronically activated PDGFRA cells	Cancer related
WP:WP4658	Small cell lung cancer	Cancer related
WP:WP4720	Eicosanoid metabolism via cytochrome P450 monooxygenases pathway	Immune system related
WP:WP474	Endochondral ossification	Cell growth related
WP:WP4838	Regucalcin in proximal tubule epithelial kidney cells	Cell growth related
WP:WP4871	Kisspeptin kisspeptin receptor system in the ovary	Genital related
WP:WP4874	CAMKK2 pathway	unrelated
WP:WP4904	LDLRAD4 intronic SNP effect on COVID patients	Virus related
WP:WP5072	Modulators of TCR signaling and T cell activation	Immune system related
WP:WP5083	Neuroinflammation and glutamatergic signaling	Immune system related
WP:WP5094	Orexin receptor pathway	Hormone related
WP:WP5103	Progeria associated lipodystrophy	unrelated
WP:WP5122	Prostaglandin and leukotriene metabolism in senescence	Cell death related
WP:WP5158	Urotensin II mediated signaling	Hormone related
WP:WP5199	PtdIns 4 5 P2 in cytokinesis pathway	Cell growth related
WP:WP5293	Acute myeloid leukemia	Cancer related
WP:WP5318	Female steroid hormones in cardiomyocyte energy metabolism	Genital related
WP:WP5331	Autophagy in pancreatic ductal adenocarcinoma	Cancer related
WP:WP5353	Macrophage stimulating protein MSP signaling	Immune system related
WP:WP5385	Growth factors and hormones in beta cell proliferation	Hormone related
WP:WP5470	Effect of omega 3 PUFA on Huntington 39 s disease pathways	unrelated
WP:WP5474	Catabolism of skeletal muscle in cachexia	Cell death related
WP:WP5561	Integrative Analysis of Treg Glial Interactions	Immune system related
WP:WP5606	Beta globin gene expression regulation	Cell growth related
WP:WP585	Interferon type I signaling	Immune system related
WP:WP619	Type II interferon signaling	Immune system related
