id	name	coded
HP:0000021	Megacystis	unrelated
HP:0000075	Renal duplication	unrelated
HP:0000267	Cranial asymmetry	unrelated
HP:0000283	Broad face	unrelated
HP:0000331	Short chin	unrelated
HP:0000527	Long eyelashes	unrelated
HP:0000775	Abnormality of the diaphragm	unrelated
HP:0000813	Bicornuate uterus	Genital related
HP:0000872	Hashimoto thyroiditis	Hormone related
HP:0000894	Short clavicles	unrelated
HP:0000917	Superior pectus carinatum	unrelated
HP:0000957	Cafe-au-lait spot	unrelated
HP:0000971	Abnormal sweat gland morphology	unrelated
HP:0000992	Cutaneous photosensitivity	unrelated
HP:0001017	Anemic pallor	unrelated
HP:0001338	Partial agenesis of the corpus callosum	unrelated
HP:0001342	Cerebral hemorrhage	unrelated
HP:0001480	Freckling	unrelated
HP:0001541	Ascites	Cancer related
HP:0001549	Abnormal ileum morphology	unrelated
HP:0001924	Sideroblastic anemia	unrelated
HP:0002018	Nausea	unrelated
HP:0002023	Anal atresia	unrelated
HP:0002028	Chronic diarrhea	unrelated
HP:0002034	Abnormal rectum morphology	unrelated
HP:0002196	Myelopathy	unrelated
HP:0002226	White eyebrow	unrelated
HP:0002512	Brain stem compression	unrelated
HP:0002516	Increased intracranial pressure	unrelated
HP:0002557	Hypoplastic nipples	unrelated
HP:0002574	Episodic abdominal pain	unrelated
HP:0002576	Intussusception	unrelated
HP:0002579	Gastrointestinal dysmotility	unrelated
HP:0002580	Volvulus	unrelated
HP:0002665	Lymphoma	Cancer related
HP:0002668	Paraganglioma	Cancer related
HP:0002671	Basal cell carcinoma	Cancer related
HP:0002681	Deformed sella turcica	unrelated
HP:0002859	Rhabdomyosarcoma	Cancer related
HP:0002885	Medulloblastoma	Cancer related
HP:0002891	Uterine leiomyosarcoma	Genital related
HP:0002893	Pituitary adenoma	Cancer related
HP:0002897	Parathyroid adenoma	Cancer related
HP:0003002	Breast carcinoma	Cancer related
HP:0003005	Ganglioneuroma	Cancer related
HP:0003072	Hypercalcemia	Hormone related
HP:0003083	Dislocated radial head	unrelated
HP:0003214	Prolonged G2 phase of cell cycle	Cell growth related
HP:0003254	Abnormality of DNA repair	DNA repair related
HP:0003334	Elevated circulating catecholamine level	Hormone related
HP:0003528	Elevated circulating calcitonin concentration	Hormone related
HP:0003745	Sporadic	unrelated
HP:0004493	Craniofacial hyperostosis	unrelated
HP:0004742	Abnormal renal collecting system morphology	unrelated
HP:0004808	Acute myeloid leukemia	Cancer related
HP:0004812	B Acute Lymphoblastic Leukemia	Cancer related
HP:0004871	Perineal fistula	Genital related
HP:0004947	Arteriovenous fistula	unrelated
HP:0005267	Premature delivery because of cervical insufficiency or membrane fragility	Genital related
HP:0005306	Capillary hemangioma	Cancer related
HP:0005453	Absent/hypoplastic paranasal sinuses	unrelated
HP:0005584	Renal cell carcinoma	Cancer related
HP:0006000	Ureteral obstruction	unrelated
HP:0006502	Aplasia/Hypoplasia involving the carpal bones	unrelated
HP:0006946	Recurrent meningitis	Immune system related
HP:0007099	Chiari type I malformation	unrelated
HP:0007620	Cutaneous leiomyoma	Cancer related
HP:0007656	Lacrimal gland aplasia	unrelated
HP:0007715	Weak extraocular muscles	unrelated
HP:0007874	Almond-shaped palpebral fissure	unrelated
HP:0007946	Unilateral narrow palpebral fissure	unrelated
HP:0008094	Widely spaced toes	unrelated
HP:0008244	Congenital adrenal hypoplasia	Hormone related
HP:0009380	Finger aplasia	unrelated
HP:0009536	Short 2nd finger	unrelated
HP:0009755	Ankyloblepharon	unrelated
HP:0009824	Upper limb undergrowth	Cell growth related
HP:0009891	Underdeveloped supraorbital ridges	unrelated
HP:0009928	Thick nasal alae	unrelated
HP:0009998	Complete duplication of phalanx of hand	unrelated
HP:0010293	Aplasia/Hypoplasia of the uvula	unrelated
HP:0010529	Echolalia	unrelated
HP:0010539	Thin calvarium	unrelated
HP:0010649	Flat nasal alae	unrelated
HP:0010784	Uterine neoplasm	Genital related
HP:0010955	Dilatation of the bladder	unrelated
HP:0010976	Decreased total B cell count	Immune system related
HP:0011215	Hemihypsarrhythmia	unrelated
HP:0011898	Abnormality of circulating fibrinogen	unrelated
HP:0012125	Prostate cancer	Genital related
HP:0012135	Abnormal granulocytopoietic cell morphology	Immune system related
HP:0012142	Pancreatic squamous cell carcinoma	Cancer related
HP:0012155	Decreased corneal sensation	unrelated
HP:0012180	Cystic medial necrosis	unrelated
HP:0012254	Ewing sarcoma	Cancer related
HP:0012288	Neoplasm of head and neck	Cancer related
HP:0012304	Hypoplastic aortic arch	unrelated
HP:0012377	Hemianopia	unrelated
HP:0012640	Abnormality of intracranial pressure	unrelated
HP:0012745	Short palpebral fissure	unrelated
HP:0020072	Persistent EBV viremia	Virus related
HP:0025806	Abnormal total B cell count	Immune system related
HP:0030001	Lagophthalmos	unrelated
HP:0030009	Cervical insufficiency	Genital related
HP:0030063	Neuroepithelial neoplasm	Cancer related
HP:0030065	Primitive neuroectodermal tumor	Cancer related
HP:0030255	Large intestinal polyposis	Cancer related
HP:0030339	Decreased circulating gonadotropin concentration	Genital related
HP:0030358	Non-small cell lung carcinoma	Cancer related
HP:0030766	Ear pain	unrelated
HP:0030783	Increased circulating interleukin 6 concentration	Immune system related
HP:0030836	Wrist pain	unrelated
HP:0031035	Chronic infection	Immune system related
HP:0031251	Abnormal subclavian artery morphology	unrelated
HP:0031364	Ecchymosis	unrelated
HP:0032248	Persistent viremia	Virus related
HP:0033019	Male reproductive system neoplasm	Genital related
HP:0033020	Female reproductive system neoplasm	Genital related
HP:0033769	Fundic gland polyposis	Cancer related
HP:0034769	Pulmonary Langerhans cell histiocytosis	Cancer related
HP:0040012	Chromosome breakage	DNA repair related
HP:0040223	Pulmonary hemorrhage	unrelated
HP:0040265	Upper limb muscle hypertrophy	Cell growth related
HP:0100007	Neoplasm of the peripheral nervous system	Cancer related
HP:0100013	Neoplasm of the breast	Cancer related
HP:0100243	Leiomyosarcoma	Cancer related
HP:0100266	Synostosis of carpals/tarsals	unrelated
HP:0100570	Carcinoid tumor	Cancer related
HP:0100571	Cardiac diverticulum	unrelated
HP:0100605	Neoplasm of the larynx	Cancer related
HP:0100615	Ovarian neoplasm	Genital related
HP:0100642	Neoplasm of the adrenal medulla	Cancer related
HP:0100684	Salivary gland neoplasm	Cancer related
HP:0100728	Germ cell neoplasia	Genital related
HP:0100744	Abnormality of the humeroradial joint	unrelated
HP:0100749	Chest pain	unrelated
HP:0100787	Prostate neoplasm	Genital related
HP:0100835	Benign neoplasm of the central nervous system	Cancer related
HP:0100845	Anaphylactic shock	Immune system related
HP:0200036	Skin nodule	unrelated
HP:0410293	Absent isohemagglutinin level	Immune system related
KEGG:03273	Virion - Lassa virus and SFTS virus	Virus related
KEGG:04066	HIF-1 signaling pathway	Hormone related
KEGG:04216	Ferroptosis	Cell death related
KEGG:04371	Apelin signaling pathway	Hormone related
KEGG:04380	Osteoclast differentiation	Cell growth related
KEGG:04540	Gap junction	unrelated
KEGG:04611	Platelet activation	unrelated
KEGG:04650	Natural killer cell mediated cytotoxicity	Immune system related
KEGG:04658	Th1 and Th2 cell differentiation	Immune system related
KEGG:04728	Dopaminergic synapse	unrelated
KEGG:04730	Long-term depression	unrelated
KEGG:04910	Insulin signaling pathway	Hormone related
KEGG:04919	Thyroid hormone signaling pathway	Hormone related
KEGG:04935	Growth hormone synthesis, secretion and action	Hormone related
KEGG:04960	Aldosterone-regulated sodium reabsorption	Hormone related
KEGG:05142	Chagas disease	unrelated
KEGG:05214	Glioma	Cancer related
REAC:R-HSA-1059683	Interleukin-6 signaling	Immune system related
REAC:R-HSA-111447	Activation of BAD and translocation to mitochondria	Cell death related
REAC:R-HSA-112399	IRS-mediated signalling	Hormone related
REAC:R-HSA-1169410	Antimicrobial mechanism of IFN-stimulated genes	Immune system related
REAC:R-HSA-1226099	Signaling by FGFR in disease	Cancer related
REAC:R-HSA-1236394	Signaling by ERBB4	Cancer related
REAC:R-HSA-1266695	Interleukin-7 signaling	Immune system related
REAC:R-HSA-163685	Integration of energy metabolism	Hormone related
REAC:R-HSA-165054	Rev-mediated nuclear export of HIV RNA	Virus related
REAC:R-HSA-170984	ARMS-mediated activation	unrelated
REAC:R-HSA-186763	Downstream signal transduction	unrelated
REAC:R-HSA-187037	Signaling by NTRK1 (TRKA)	unrelated
REAC:R-HSA-195253	Degradation of beta-catenin by the destruction complex	Cancer related
REAC:R-HSA-196025	Formation of annular gap junctions	unrelated
REAC:R-HSA-198323	AKT phosphorylates targets in the cytosol	Cell growth related
REAC:R-HSA-201556	Signaling by ALK	Cancer related
REAC:R-HSA-202433	Generation of second messenger molecules	unrelated
REAC:R-HSA-2151201	Transcriptional activation of mitochondrial biogenesis	Cell growth related
REAC:R-HSA-2172127	DAP12 interactions	Immune system related
REAC:R-HSA-2173793	Transcriptional activity of SMAD2/SMAD3:SMAD4 heterotrimer	Cell growth related
REAC:R-HSA-2173795	Downregulation of SMAD2/3:SMAD4 transcriptional activity	Cell growth related
REAC:R-HSA-2428924	IGF1R signaling cascade	Hormone related
REAC:R-HSA-3134963	DEx/H-box helicases activate type I IFN and inflammatory cytokines production	Immune system related
REAC:R-HSA-3656532	TGFBR1 KD Mutants in Cancer	Cancer related
REAC:R-HSA-3656534	Loss of Function of TGFBR1 in Cancer	Cancer related
REAC:R-HSA-3769402	Deactivation of the beta-catenin transactivating complex	Cancer related
REAC:R-HSA-3899300	SUMOylation of transcription cofactors	unrelated
REAC:R-HSA-4411364	Binding of TCF/LEF:CTNNB1 to target gene promoters	Cancer related
REAC:R-HSA-448706	Interleukin-1 processing	Immune system related
REAC:R-HSA-450520	HuR (ELAVL1) binds and stabilizes mRNA	unrelated
REAC:R-HSA-451927	Interleukin-2 family signaling	Immune system related
REAC:R-HSA-4641263	Regulation of FZD by ubiquitination	Cancer related
REAC:R-HSA-5218920	VEGFR2 mediated vascular permeability	Hormone related
REAC:R-HSA-5357786	TNFR1-induced proapoptotic signaling	Cell death related
REAC:R-HSA-5621481	C-type lectin receptors (CLRs)	Immune system related
REAC:R-HSA-5625970	RHO GTPases activate KTN1	unrelated
REAC:R-HSA-5674499	Negative feedback regulation of MAPK pathway	Cancer related
REAC:R-HSA-5693567	HDR through Homologous Recombination (HRR) or Single Strand Annealing (SSA)	DNA repair related
REAC:R-HSA-6791312	TP53 Regulates Transcription of Cell Cycle Genes	Cancer related
REAC:R-HSA-6802957	Oncogenic MAPK signaling	Cancer related
REAC:R-HSA-6806834	Signaling by MET	Cancer related
REAC:R-HSA-74751	Insulin receptor signalling cascade	Hormone related
REAC:R-HSA-8848021	Signaling by PTK6	Cancer related
REAC:R-HSA-8849471	PTK6 Regulates RHO GTPases, RAS GTPase and MAP kinases	Cancer related
REAC:R-HSA-8849474	PTK6 Activates STAT3	Cancer related
REAC:R-HSA-8851805	MET activates RAS signaling	Cancer related
REAC:R-HSA-8851907	MET activates PI3K/AKT signaling	Cancer related
REAC:R-HSA-8854691	Interleukin-20 family signaling	Immune system related
REAC:R-HSA-8865999	MET activates PTPN11	Cancer related
REAC:R-HSA-8866911	TFAP2 (AP-2) family regulates transcription of cell cycle factors	Cell growth related
REAC:R-HSA-8875513	MET interacts with TNS proteins	Cancer related
REAC:R-HSA-8876493	InlA-mediated entry of Listeria monocytogenes into host cells	unrelated
REAC:R-HSA-8939242	RUNX1 regulates transcription of genes involved in differentiation of keratinocytes	Cell growth related
REAC:R-HSA-8939256	RUNX1 regulates transcription of genes involved in WNT signaling	Cancer related
REAC:R-HSA-8940973	RUNX2 regulates osteoblast differentiation	Cell growth related
REAC:R-HSA-8951936	RUNX3 regulates p14-ARF	Cancer related
REAC:R-HSA-9009391	Extra-nuclear estrogen signaling	Genital related
REAC:R-HSA-9018519	Estrogen-dependent gene expression	Genital related
REAC:R-HSA-912631	Regulation of signaling by CBL	unrelated
REAC:R-HSA-9614085	FOXO-mediated transcription	Cell growth related
REAC:R-HSA-9616222	Transcriptional regulation of granulopoiesis	Immune system related
REAC:R-HSA-9617629	Regulation of FOXO transcriptional activity by acetylation	Cell growth related
REAC:R-HSA-9664407	Parasite infection	unrelated
REAC:R-HSA-9696270	RND2 GTPase cycle	unrelated
REAC:R-HSA-9703465	Signaling by FLT3 fusion proteins	Cancer related
REAC:R-HSA-9704646	Defective HDR through Homologous Recombination Repair (HRR) due to PALB2 loss of BRCA2/RAD51/RAD51C binding function	DNA repair related
REAC:R-HSA-9707564	Cytoprotection by HMOX1	Cell death related
REAC:R-HSA-9725370	Signaling by ALK fusions and activated point mutants	Cancer related
REAC:R-HSA-9758941	Gastrulation	Cell growth related
REAC:R-HSA-9764302	Regulation of CDH19 Expression and Function	unrelated
REAC:R-HSA-977068	Termination of O-glycan biosynthesis	unrelated
REAC:R-HSA-9816359	Maternal to zygotic transition (MZT)	Cell growth related
REAC:R-HSA-9818030	NFE2L2 regulating tumorigenic genes	Cancer related
REAC:R-HSA-9818749	Regulation of NFE2L2 gene expression	Cancer related
REAC:R-HSA-9824439	Bacterial Infection Pathways	Immune system related
REAC:R-HSA-9842860	Regulation of endogenous retroelements	unrelated
REAC:R-HSA-9856651	MITF-M-dependent gene expression	Cancer related
WP:WP1559	Transcription factors regulate miRNAs related to cardiac hypertrophy	Cell growth related
WP:WP195	IL1 signaling	Immune system related
WP:WP2064	Neural crest differentiation	Cell growth related
WP:WP2118	Arrhythmogenic right ventricular cardiomyopathy	Cell death related
WP:WP236	Adipogenesis	Cell growth related
WP:WP2447	Amyotrophic lateral sclerosis ALS	Cell death related
WP:WP2526	PDGF pathway	Hormone related
WP:WP2586	Aryl hydrocarbon receptor response to main mediators PAH and TCDD	Cancer related
WP:WP2636	Common pathways underlying drug addiction	unrelated
WP:WP2839	Hair follicle development organogenesis stage 2 of 3	Cell growth related
WP:WP2840	Hair follicle development cytodifferentiation stage 3 of 3	Cell growth related
WP:WP313	Hepatocyte growth factor receptor signaling	Hormone related
WP:WP314	Fas ligand pathway and stress induction of heat shock proteins	Cell death related
WP:WP3527	Pre implantation embryo	Cell growth related
WP:WP3585	Cytosine methylation	DNA repair related
WP:WP3617	Photodynamic therapy induced NF kB survival signaling	Cell growth related
WP:WP3646	Hepatitis C and hepatocellular carcinoma	Virus related
WP:WP3844	PI3K AKT mTOR signaling and therapeutic opportunities in prostate cancer	Genital related
WP:WP3845	Canonical and non canonical Notch signaling	Cell growth related
WP:WP3878	ATM signaling in development and disease	DNA repair related
WP:WP395	IL4 signaling	Immune system related
WP:WP3953	mRNA protein and metabolite induced stress pathway by cyclosporin A	Cell death related
WP:WP4149	White fat cell differentiation	Cell growth related
WP:WP4211	Transcriptional cascade regulating adipogenesis	Cell growth related
WP:WP4217	Ebola virus infection in host	Virus related
WP:WP4240	Regulation of sister chromatid separation at the metaphase anaphase transition	Cell growth related
WP:WP4249	Hedgehog signaling	Cell growth related
WP:WP4258	lncRNA in canonical Wnt signaling and colorectal cancer	Cancer related
WP:WP4269	Ethanol metabolism production of ROS by CYP2E1	Cell death related
WP:WP4301	Inhibition of exosome biogenesis and secretion by manumycin A in CRPC cells	Genital related
WP:WP4312	Rett syndrome	unrelated
WP:WP4321	Thermogenesis	Hormone related
WP:WP4331	Neovascularization processes	Cell growth related
WP:WP4534	Mechanoregulation and pathology of YAP TAZ via Hippo and non Hippo mechanisms	Cancer related
WP:WP4539	Synaptic signaling associated with autism spectrum disorder	unrelated
WP:WP4549	Fragile X syndrome	unrelated
WP:WP4565	Neural crest cell migration in cancer	Cancer related
WP:WP4566	Translation inhibitors in chronically activated PDGFRA cells	Cancer related
WP:WP4658	Small cell lung cancer	Cancer related
WP:WP4720	Eicosanoid metabolism via cytochrome P450 monooxygenases pathway	Immune system related
WP:WP474	Endochondral ossification	Cell growth related
WP:WP4838	Regucalcin in proximal tubule epithelial kidney cells	Cell growth related
WP:WP4871	Kisspeptin kisspeptin receptor system in the ovary	Genital related
WP:WP4874	CAMKK2 pathway	unrelated
WP:WP4904	LDLRAD4 intronic SNP effect on COVID patients	Virus related
WP:WP5072	Modulators of TCR signaling and T cell activation	Immune system related
WP:WP5083	Neuroinflammation and glutamatergic signaling	Immune system related
WP:WP5094	Orexin receptor pathway	Hormone related
WP:WP5103	Progeria associated lipodystrophy	unrelated
WP:WP5122	Prostaglandin and leukotriene metabolism in senescence	Cell death related
WP:WP5158	Urotensin II mediated signaling	Hormone related
WP:WP5199	PtdIns 4 5 P2 in cytokinesis pathway	Cell growth related
WP:WP5293	Acute myeloid leukemia	Cancer related
WP:WP5318	Female steroid hormones in cardiomyocyte energy metabolism	Genital related
WP:WP5331	Autophagy in pancreatic ductal adenocarcinoma	Cancer related
WP:WP5353	Macrophage stimulating protein MSP signaling	Immune system related
WP:WP5385	Growth factors and hormones in beta cell proliferation	Hormone related
WP:WP5470	Effect of omega 3 PUFA on Huntington 39 s disease pathways	unrelated
WP:WP5474	Catabolism of skeletal muscle in cachexia	Cell death related
WP:WP5561	Integrative Analysis of Treg Glial Interactions	Immune system related
WP:WP5606	Beta globin gene expression regulation	Cell growth related
WP:WP585	Interferon type I signaling	Immune system related
WP:WP619	Type II interferon signaling	Immune system related
